[
    {
        "id":"1",
        "courseName":"Angular Js 1.X",
        "coursePrice":400.00

    },
    {
        "id":"2",
        "courseName":"Angular Js 2.X",
        "coursePrice":500.00

    },
    {
        "id":"3",
        "courseName":"React Js",
        "coursePrice":600.00

    },
    {
        "id":"4",
        "courseName":"Backbone Js",
        "coursePrice":700.00

    },
    {
        "id":"5",
        "courseName":"JavaScript",
        "coursePrice":700.00

    }
]